ci0,ci1,ci2,ci3,ci4,ci5,ci6,ci7,ci8
0.0,9.972778987881629,19.945553747564674,12.972741441864615,16.357864293343397,23.77903838701983,25.945482883729937,27.790050267370088,32.70539955913969
9.972778987881629,0.0,9.972778987879455,16.357864293343397,12.972741441864615,16.357864293342075,27.790050267370088,25.945482883729937,27.79005026736931
19.945553747564674,9.972778987879455,0.0,23.77903838701983,16.357864293342075,12.972741441864615,32.70539955913969,27.79005026736931,25.945482883729937
12.972741441864615,16.357864293343397,23.77903838701983,0.0,9.955864381616438,19.911724521535504,12.972741441865322,16.347553761594828,23.750659472058846
16.357864293343397,12.972741441864615,16.357864293342075,9.955864381616438,0.0,9.95586438161427,16.347553761594828,12.972741441865322,16.34755376159351
23.77903838701983,16.357864293342075,12.972741441864615,19.911724521535504,9.95586438161427,0.0,23.750659472058846,16.34755376159351,12.972741441865322
25.945482883729937,27.790050267370088,32.70539955913969,12.972741441865322,16.347553761594828,23.750659472058846,0.0,9.938908496553513,19.87781273798356
27.790050267370088,25.945482883729937,27.79005026736931,16.347553761594828,12.972741441865322,16.34755376159351,9.938908496553513,0.0,9.938908496551344
32.70539955913969,27.79005026736931,25.945482883729937,23.750659472058846,16.34755376159351,12.972741441865322,19.87781273798356,9.938908496551344,0.0
